mac_type,layer_idx,value,count
qkv,0,-318,126
qkv,0,-314,126
qkv,0,-312,126
qkv,0,-300,124
qkv,0,-296,501
qkv,0,-294,196
qkv,0,-292,251
qkv,0,-290,752
qkv,0,-288,460
qkv,0,-286,607
qkv,0,-284,486
qkv,0,-282,125
qkv,0,-280,570
qkv,0,-278,466
qkv,0,-276,927
qkv,0,-274,829
qkv,0,-272,800
qkv,0,-270,1286
qkv,0,-268,748
qkv,0,-266,1493
qkv,0,-264,1628
qkv,0,-262,1379
qkv,0,-260,2299
qkv,0,-258,1334
qkv,0,-256,2262
qkv,0,-254,2102
qkv,0,-252,1829
qkv,0,-250,2385
qkv,0,-248,2155
qkv,0,-246,2733
qkv,0,-244,2178
qkv,0,-242,2008
qkv,0,-240,3439
qkv,0,-238,3179
qkv,0,-236,3495
qkv,0,-234,3458
qkv,0,-232,4079
qkv,0,-230,3144
qkv,0,-228,4219
qkv,0,-226,4034
qkv,0,-224,4108
qkv,0,-222,4476
qkv,0,-220,5268
qkv,0,-218,5460
qkv,0,-216,5526
qkv,0,-214,4585
qkv,0,-212,4514
qkv,0,-210,5630
qkv,0,-208,5730
qkv,0,-206,6154
qkv,0,-204,6438
qkv,0,-202,5370
qkv,0,-200,7703
qkv,0,-198,6504
qkv,0,-196,5705
qkv,0,-194,6418
qkv,0,-192,8119
qkv,0,-190,7204
qkv,0,-188,9278
qkv,0,-186,8258
qkv,0,-184,7930
qkv,0,-182,9436
qkv,0,-180,8603
qkv,0,-178,11252
qkv,0,-176,9860
qkv,0,-174,13683
qkv,0,-172,11505
qkv,0,-170,14470
qkv,0,-168,15165
qkv,0,-166,14291
qkv,0,-164,17460
qkv,0,-162,19406
qkv,0,-160,22334
qkv,0,-158,21446
qkv,0,-156,23538
qkv,0,-154,24540
qkv,0,-152,28158
qkv,0,-150,26570
qkv,0,-148,30753
qkv,0,-146,30678
qkv,0,-144,33152
qkv,0,-142,31117
qkv,0,-140,34566
qkv,0,-138,37973
qkv,0,-136,42802
qkv,0,-134,42843
qkv,0,-132,41618
qkv,0,-130,39476
qkv,0,-128,42519
qkv,0,-126,42664
qkv,0,-124,49456
qkv,0,-122,53217
qkv,0,-120,52045
qkv,0,-118,58491
qkv,0,-116,60910
qkv,0,-114,59507
qkv,0,-112,61662
qkv,0,-110,67013
qkv,0,-108,70757
qkv,0,-106,72554
qkv,0,-104,79493
qkv,0,-102,85094
qkv,0,-100,86177
qkv,0,-98,93793
qkv,0,-96,102205
qkv,0,-94,111556
qkv,0,-92,117533
qkv,0,-90,122508
qkv,0,-88,127584
qkv,0,-86,138832
qkv,0,-84,146854
qkv,0,-82,159970
qkv,0,-80,165018
qkv,0,-78,178793
qkv,0,-76,188077
qkv,0,-74,197461
qkv,0,-72,203159
qkv,0,-70,226729
qkv,0,-68,228257
qkv,0,-66,247267
qkv,0,-64,260434
qkv,0,-62,275701
qkv,0,-60,277449
qkv,0,-58,309931
qkv,0,-56,304903
qkv,0,-54,315551
qkv,0,-52,331492
qkv,0,-50,352943
qkv,0,-48,354799
qkv,0,-46,377182
qkv,0,-44,381860
qkv,0,-42,400628
qkv,0,-40,406537
qkv,0,-38,416366
qkv,0,-36,439642
qkv,0,-34,444557
qkv,0,-32,461879
qkv,0,-30,455576
qkv,0,-28,471308
qkv,0,-26,487069
qkv,0,-24,495107
qkv,0,-22,496687
qkv,0,-20,517881
qkv,0,-18,527914
qkv,0,-16,527002
qkv,0,-14,532136
qkv,0,-12,541453
qkv,0,-10,556365
qkv,0,-8,542046
qkv,0,-6,554816
qkv,0,-4,565089
qkv,0,-2,542274
qkv,0,0,566765
qkv,0,2,571325
qkv,0,4,566785
qkv,0,6,566358
qkv,0,8,568488
qkv,0,10,562793
qkv,0,12,557537
qkv,0,14,560161
qkv,0,16,552314
qkv,0,18,539918
qkv,0,20,526999
qkv,0,22,523810
qkv,0,24,510187
qkv,0,26,495084
qkv,0,28,488248
qkv,0,30,481664
qkv,0,32,482555
qkv,0,34,470552
qkv,0,36,455132
qkv,0,38,443076
qkv,0,40,423535
qkv,0,42,421581
qkv,0,44,399325
qkv,0,46,391916
qkv,0,48,377957
qkv,0,50,370092
qkv,0,52,344185
qkv,0,54,350404
qkv,0,56,321573
qkv,0,58,310131
qkv,0,60,298749
qkv,0,62,294537
qkv,0,64,275711
qkv,0,66,249680
qkv,0,68,250681
qkv,0,70,245497
qkv,0,72,222816
qkv,0,74,212487
qkv,0,76,198337
qkv,0,78,187316
qkv,0,80,170935
qkv,0,82,162313
qkv,0,84,153755
qkv,0,86,136261
qkv,0,88,125050
qkv,0,90,117055
qkv,0,92,110161
qkv,0,94,104578
qkv,0,96,98606
qkv,0,98,89512
qkv,0,100,81667
qkv,0,102,75434
qkv,0,104,72407
qkv,0,106,64191
qkv,0,108,62335
qkv,0,110,59323
qkv,0,112,56599
qkv,0,114,51454
qkv,0,116,51887
qkv,0,118,48123
qkv,0,120,38978
qkv,0,122,41304
qkv,0,124,35864
qkv,0,126,33464
qkv,0,128,33578
qkv,0,130,34308
qkv,0,132,30138
qkv,0,134,29943
qkv,0,136,28970
qkv,0,138,29660
qkv,0,140,23248
qkv,0,142,23976
qkv,0,144,24003
qkv,0,146,20844
qkv,0,148,21241
qkv,0,150,20195
qkv,0,152,17487
qkv,0,154,16325
qkv,0,156,14211
qkv,0,158,17650
qkv,0,160,14633
qkv,0,162,14364
qkv,0,164,12218
qkv,0,166,9542
qkv,0,168,10063
qkv,0,170,10362
qkv,0,172,8621
qkv,0,174,9641
qkv,0,176,7890
qkv,0,178,8492
qkv,0,180,6879
qkv,0,182,7632
qkv,0,184,5558
qkv,0,186,5779
qkv,0,188,5096
qkv,0,190,4569
qkv,0,192,4202
qkv,0,194,4276
qkv,0,196,3409
qkv,0,198,3879
qkv,0,200,3257
qkv,0,202,3161
qkv,0,204,2979
qkv,0,206,2282
qkv,0,208,1929
qkv,0,210,2765
qkv,0,212,3172
qkv,0,214,1300
qkv,0,216,2048
qkv,0,218,2544
qkv,0,220,2659
qkv,0,222,1218
qkv,0,224,1079
qkv,0,226,1371
qkv,0,228,1933
qkv,0,230,1916
qkv,0,232,891
qkv,0,234,1209
qkv,0,236,633
qkv,0,238,990
qkv,0,240,1687
qkv,0,242,833
qkv,0,244,715
qkv,0,246,954
qkv,0,248,801
qkv,0,250,900
qkv,0,252,377
qkv,0,254,672
qkv,0,256,760
qkv,0,258,799
qkv,0,260,766
qkv,0,262,472
qkv,0,264,587
qkv,0,266,120
qkv,0,268,374
qkv,0,270,332
qkv,0,272,924
qkv,0,274,439
qkv,0,276,252
qkv,0,278,364
qkv,0,280,307
qkv,0,282,360
qkv,0,284,109
qkv,0,286,216
qkv,0,288,126
qkv,0,290,139
qkv,0,292,94
qkv,0,294,142
qkv,0,296,21
qkv,0,300,126
qkv,0,302,124
qkv,0,304,124
qkv,0,308,94
qkv,0,310,126
qkv,0,318,250
qkv,0,322,124
qkv,0,324,124
qkv,0,326,124
qkv,1,-298,1
qkv,1,-294,3
qkv,1,-292,5
qkv,1,-290,6
qkv,1,-288,10
qkv,1,-286,10
qkv,1,-284,6
qkv,1,-282,10
qkv,1,-280,16
qkv,1,-278,15
qkv,1,-276,21
qkv,1,-274,16
qkv,1,-272,19
qkv,1,-270,24
qkv,1,-268,33
qkv,1,-266,19
qkv,1,-264,21
qkv,1,-262,28
qkv,1,-260,25
qkv,1,-258,25
qkv,1,-256,22
qkv,1,-254,23
qkv,1,-252,25
qkv,1,-250,29
qkv,1,-248,49
qkv,1,-246,44
qkv,1,-244,48
qkv,1,-242,57
qkv,1,-240,60
qkv,1,-238,51
qkv,1,-236,82
qkv,1,-234,96
qkv,1,-232,106
qkv,1,-230,89
qkv,1,-228,122
qkv,1,-226,162
qkv,1,-224,181
qkv,1,-222,189
qkv,1,-220,236
qkv,1,-218,244
qkv,1,-216,297
qkv,1,-214,327
qkv,1,-212,400
qkv,1,-210,454
qkv,1,-208,440
qkv,1,-206,529
qkv,1,-204,557
qkv,1,-202,582
qkv,1,-200,614
qkv,1,-198,648
qkv,1,-196,760
qkv,1,-194,777
qkv,1,-192,855
qkv,1,-190,946
qkv,1,-188,983
qkv,1,-186,1008
qkv,1,-184,1049
qkv,1,-182,1109
qkv,1,-180,1136
qkv,1,-178,1165
qkv,1,-176,1207
qkv,1,-174,1219
qkv,1,-172,1302
qkv,1,-170,1240
qkv,1,-168,1346
qkv,1,-166,1474
qkv,1,-164,1593
qkv,1,-162,1714
qkv,1,-160,1827
qkv,1,-158,1999
qkv,1,-156,2114
qkv,1,-154,2375
qkv,1,-152,2456
qkv,1,-150,2912
qkv,1,-148,3140
qkv,1,-146,3477
qkv,1,-144,4056
qkv,1,-142,4599
qkv,1,-140,5145
qkv,1,-138,5895
qkv,1,-136,6615
qkv,1,-134,7647
qkv,1,-132,8417
qkv,1,-130,9607
qkv,1,-128,10731
qkv,1,-126,12066
qkv,1,-124,13572
qkv,1,-122,15512
qkv,1,-120,17272
qkv,1,-118,19493
qkv,1,-116,21754
qkv,1,-114,24728
qkv,1,-112,27721
qkv,1,-110,31318
qkv,1,-108,34797
qkv,1,-106,38706
qkv,1,-104,43028
qkv,1,-102,48317
qkv,1,-100,53906
qkv,1,-98,59800
qkv,1,-96,66505
qkv,1,-94,72713
qkv,1,-92,80315
qkv,1,-90,88299
qkv,1,-88,96414
qkv,1,-86,105135
qkv,1,-84,114334
qkv,1,-82,124018
qkv,1,-80,134005
qkv,1,-78,145451
qkv,1,-76,156283
qkv,1,-74,168328
qkv,1,-72,182717
qkv,1,-70,195737
qkv,1,-68,209031
qkv,1,-66,223414
qkv,1,-64,239025
qkv,1,-62,253904
qkv,1,-60,269946
qkv,1,-58,285613
qkv,1,-56,302062
qkv,1,-54,319280
qkv,1,-52,333882
qkv,1,-50,351314
qkv,1,-48,367408
qkv,1,-46,385054
qkv,1,-44,400999
qkv,1,-42,417716
qkv,1,-40,434398
qkv,1,-38,450440
qkv,1,-36,465989
qkv,1,-34,483677
qkv,1,-32,499227
qkv,1,-30,516373
qkv,1,-28,531926
qkv,1,-26,549281
qkv,1,-24,564135
qkv,1,-22,580158
qkv,1,-20,595639
qkv,1,-18,609716
qkv,1,-16,625050
qkv,1,-14,636432
qkv,1,-12,648175
qkv,1,-10,657792
qkv,1,-8,668589
qkv,1,-6,674478
qkv,1,-4,680615
qkv,1,-2,683874
qkv,1,0,684623
qkv,1,2,684144
qkv,1,4,682460
qkv,1,6,679076
qkv,1,8,672940
qkv,1,10,661540
qkv,1,12,653583
qkv,1,14,644115
qkv,1,16,631749
qkv,1,18,621422
qkv,1,20,609152
qkv,1,22,593766
qkv,1,24,580844
qkv,1,26,565488
qkv,1,28,550853
qkv,1,30,535448
qkv,1,32,520735
qkv,1,34,504778
qkv,1,36,487404
qkv,1,38,472041
qkv,1,40,456338
qkv,1,42,438553
qkv,1,44,422117
qkv,1,46,405068
qkv,1,48,389377
qkv,1,50,371025
qkv,1,52,354539
qkv,1,54,337728
qkv,1,56,321320
qkv,1,58,303254
qkv,1,60,286873
qkv,1,62,270629
qkv,1,64,254669
qkv,1,66,238790
qkv,1,68,223202
qkv,1,70,208566
qkv,1,72,193231
qkv,1,74,180071
qkv,1,76,166243
qkv,1,78,153904
qkv,1,80,141692
qkv,1,82,129635
qkv,1,84,119553
qkv,1,86,108556
qkv,1,88,98352
qkv,1,90,89475
qkv,1,92,81119
qkv,1,94,73061
qkv,1,96,65387
qkv,1,98,59311
qkv,1,100,53658
qkv,1,102,47472
qkv,1,104,42926
qkv,1,106,38124
qkv,1,108,33817
qkv,1,110,29968
qkv,1,112,26891
qkv,1,114,23495
qkv,1,116,21204
qkv,1,118,18603
qkv,1,120,16523
qkv,1,122,14842
qkv,1,124,13024
qkv,1,126,11602
qkv,1,128,10248
qkv,1,130,9067
qkv,1,132,8505
qkv,1,134,7475
qkv,1,136,6917
qkv,1,138,6227
qkv,1,140,5878
qkv,1,142,5351
qkv,1,144,5030
qkv,1,146,4820
qkv,1,148,4619
qkv,1,150,4315
qkv,1,152,4163
qkv,1,154,4021
qkv,1,156,3851
qkv,1,158,3787
qkv,1,160,3632
qkv,1,162,3720
qkv,1,164,3525
qkv,1,166,3364
qkv,1,168,3321
qkv,1,170,3238
qkv,1,172,3161
qkv,1,174,2908
qkv,1,176,2656
qkv,1,178,2599
qkv,1,180,2522
qkv,1,182,2284
qkv,1,184,2199
qkv,1,186,2009
qkv,1,188,1947
qkv,1,190,1822
qkv,1,192,1629
qkv,1,194,1466
qkv,1,196,1340
qkv,1,198,1226
qkv,1,200,1096
qkv,1,202,1016
qkv,1,204,1017
qkv,1,206,829
qkv,1,208,776
qkv,1,210,728
qkv,1,212,738
qkv,1,214,686
qkv,1,216,606
qkv,1,218,623
qkv,1,220,597
qkv,1,222,564
qkv,1,224,524
qkv,1,226,545
qkv,1,228,537
qkv,1,230,528
qkv,1,232,456
qkv,1,234,449
qkv,1,236,451
qkv,1,238,397
qkv,1,240,386
qkv,1,242,353
qkv,1,244,342
qkv,1,246,333
qkv,1,248,273
qkv,1,250,259
qkv,1,252,233
qkv,1,254,166
qkv,1,256,164
qkv,1,258,86
qkv,1,260,112
qkv,1,262,69
qkv,1,264,53
qkv,1,266,32
qkv,1,268,25
qkv,1,270,20
qkv,1,272,22
qkv,1,274,13
qkv,1,276,8
qkv,1,278,6
qkv,1,280,1
qkv,2,-244,1
qkv,2,-242,1
qkv,2,-238,2
qkv,2,-234,2
qkv,2,-230,7
qkv,2,-228,3
qkv,2,-226,10
qkv,2,-224,18
qkv,2,-222,14
qkv,2,-220,18
qkv,2,-218,23
qkv,2,-216,31
qkv,2,-214,45
qkv,2,-212,57
qkv,2,-210,70
qkv,2,-208,74
qkv,2,-206,83
qkv,2,-204,103
qkv,2,-202,128
qkv,2,-200,147
qkv,2,-198,182
qkv,2,-196,190
qkv,2,-194,227
qkv,2,-192,248
qkv,2,-190,311
qkv,2,-188,332
qkv,2,-186,374
qkv,2,-184,421
qkv,2,-182,471
qkv,2,-180,543
qkv,2,-178,542
qkv,2,-176,654
qkv,2,-174,708
qkv,2,-172,759
qkv,2,-170,863
qkv,2,-168,927
qkv,2,-166,1019
qkv,2,-164,1173
qkv,2,-162,1383
qkv,2,-160,1486
qkv,2,-158,1663
qkv,2,-156,1847
qkv,2,-154,2157
qkv,2,-152,2452
qkv,2,-150,2755
qkv,2,-148,3149
qkv,2,-146,3627
qkv,2,-144,4042
qkv,2,-142,4692
qkv,2,-140,5280
qkv,2,-138,6139
qkv,2,-136,6706
qkv,2,-134,7779
qkv,2,-132,8538
qkv,2,-130,9820
qkv,2,-128,11017
qkv,2,-126,12361
qkv,2,-124,13588
qkv,2,-122,15490
qkv,2,-120,17218
qkv,2,-118,19381
qkv,2,-116,21504
qkv,2,-114,23796
qkv,2,-112,26681
qkv,2,-110,29583
qkv,2,-108,33004
qkv,2,-106,36310
qkv,2,-104,40302
qkv,2,-102,44533
qkv,2,-100,49502
qkv,2,-98,54058
qkv,2,-96,60281
qkv,2,-94,65610
qkv,2,-92,72123
qkv,2,-90,78793
qkv,2,-88,86306
qkv,2,-86,93964
qkv,2,-84,102940
qkv,2,-82,111957
qkv,2,-80,121749
qkv,2,-78,132982
qkv,2,-76,143635
qkv,2,-74,155606
qkv,2,-72,167130
qkv,2,-70,180296
qkv,2,-68,193755
qkv,2,-66,208448
qkv,2,-64,222938
qkv,2,-62,238710
qkv,2,-60,253866
qkv,2,-58,271204
qkv,2,-56,287605
qkv,2,-54,304665
qkv,2,-52,322556
qkv,2,-50,341427
qkv,2,-48,359628
qkv,2,-46,379483
qkv,2,-44,398501
qkv,2,-42,418546
qkv,2,-40,440600
qkv,2,-38,461385
qkv,2,-36,481130
qkv,2,-34,503871
qkv,2,-32,522611
qkv,2,-30,544604
qkv,2,-28,566874
qkv,2,-26,587831
qkv,2,-24,607904
qkv,2,-22,626854
qkv,2,-20,647076
qkv,2,-18,665637
qkv,2,-16,681709
qkv,2,-14,698277
qkv,2,-12,710994
qkv,2,-10,723601
qkv,2,-8,733403
qkv,2,-6,741794
qkv,2,-4,745363
qkv,2,-2,748169
qkv,2,0,746589
qkv,2,2,745608
qkv,2,4,739904
qkv,2,6,733983
qkv,2,8,724848
qkv,2,10,712507
qkv,2,12,698427
qkv,2,14,685305
qkv,2,16,667279
qkv,2,18,648331
qkv,2,20,631148
qkv,2,22,609034
qkv,2,24,590539
qkv,2,26,571737
qkv,2,28,551510
qkv,2,30,529655
qkv,2,32,508720
qkv,2,34,488255
qkv,2,36,466178
qkv,2,38,446265
qkv,2,40,426082
qkv,2,42,406283
qkv,2,44,386375
qkv,2,46,365848
qkv,2,48,348049
qkv,2,50,328109
qkv,2,52,310209
qkv,2,54,292903
qkv,2,56,277085
qkv,2,58,259537
qkv,2,60,243562
qkv,2,62,229082
qkv,2,64,215171
qkv,2,66,200086
qkv,2,68,186113
qkv,2,70,173452
qkv,2,72,160834
qkv,2,74,148894
qkv,2,76,138248
qkv,2,78,127404
qkv,2,80,117222
qkv,2,82,108534
qkv,2,84,99194
qkv,2,86,91175
qkv,2,88,83647
qkv,2,90,76584
qkv,2,92,69492
qkv,2,94,63493
qkv,2,96,57941
qkv,2,98,52225
qkv,2,100,47801
qkv,2,102,43302
qkv,2,104,38669
qkv,2,106,34806
qkv,2,108,31457
qkv,2,110,28557
qkv,2,112,25512
qkv,2,114,23034
qkv,2,116,20613
qkv,2,118,18443
qkv,2,120,16748
qkv,2,122,14897
qkv,2,124,13259
qkv,2,126,12047
qkv,2,128,10727
qkv,2,130,9516
qkv,2,132,8613
qkv,2,134,7516
qkv,2,136,6928
qkv,2,138,6145
qkv,2,140,5416
qkv,2,142,4779
qkv,2,144,4262
qkv,2,146,3718
qkv,2,148,3246
qkv,2,150,2968
qkv,2,152,2497
qkv,2,154,2231
qkv,2,156,2003
qkv,2,158,1785
qkv,2,160,1547
qkv,2,162,1346
qkv,2,164,1118
qkv,2,166,1039
qkv,2,168,916
qkv,2,170,811
qkv,2,172,690
qkv,2,174,598
qkv,2,176,542
qkv,2,178,449
qkv,2,180,402
qkv,2,182,367
qkv,2,184,291
qkv,2,186,219
qkv,2,188,222
qkv,2,190,180
qkv,2,192,167
qkv,2,194,146
qkv,2,196,108
qkv,2,198,75
qkv,2,200,70
qkv,2,202,62
qkv,2,204,40
qkv,2,206,27
qkv,2,208,19
qkv,2,210,26
qkv,2,212,18
qkv,2,214,18
qkv,2,216,15
qkv,2,218,8
qkv,2,220,4
qkv,2,222,7
qkv,2,224,5
qkv,2,226,2
qkv,2,228,1
qkv,2,230,1
qkv,2,232,3
qkv,2,234,2
qkv,2,236,1
qkv,2,238,2
qkv,2,240,1
qkv,2,242,2
qkv,2,244,1
qkv,2,246,1
qkv,2,254,1
qkv,2,262,1
qkv,3,-260,1
qkv,3,-250,1
qkv,3,-248,1
qkv,3,-246,2
qkv,3,-244,1
qkv,3,-242,2
qkv,3,-240,9
qkv,3,-238,2
qkv,3,-236,4
qkv,3,-234,13
qkv,3,-232,6
qkv,3,-230,9
qkv,3,-228,20
qkv,3,-226,14
qkv,3,-224,27
qkv,3,-222,30
qkv,3,-220,39
qkv,3,-218,55
qkv,3,-216,86
qkv,3,-214,58
qkv,3,-212,87
qkv,3,-210,128
qkv,3,-208,154
qkv,3,-206,179
qkv,3,-204,218
qkv,3,-202,272
qkv,3,-200,335
qkv,3,-198,350
qkv,3,-196,441
qkv,3,-194,506
qkv,3,-192,639
qkv,3,-190,781
qkv,3,-188,866
qkv,3,-186,958
qkv,3,-184,1089
qkv,3,-182,1307
qkv,3,-180,1544
qkv,3,-178,1668
qkv,3,-176,2003
qkv,3,-174,2304
qkv,3,-172,2571
qkv,3,-170,2831
qkv,3,-168,3320
qkv,3,-166,3719
qkv,3,-164,4152
qkv,3,-162,4561
qkv,3,-160,5147
qkv,3,-158,5671
qkv,3,-156,6385
qkv,3,-154,6999
qkv,3,-152,7867
qkv,3,-150,8565
qkv,3,-148,9482
qkv,3,-146,10504
qkv,3,-144,11582
qkv,3,-142,12571
qkv,3,-140,13768
qkv,3,-138,15007
qkv,3,-136,16485
qkv,3,-134,17824
qkv,3,-132,19311
qkv,3,-130,21200
qkv,3,-128,22634
qkv,3,-126,24905
qkv,3,-124,27198
qkv,3,-122,29198
qkv,3,-120,31348
qkv,3,-118,34586
qkv,3,-116,37012
qkv,3,-114,40084
qkv,3,-112,43379
qkv,3,-110,46276
qkv,3,-108,50127
qkv,3,-106,54513
qkv,3,-104,58923
qkv,3,-102,63160
qkv,3,-100,68406
qkv,3,-98,73828
qkv,3,-96,79848
qkv,3,-94,85957
qkv,3,-92,92105
qkv,3,-90,98942
qkv,3,-88,107284
qkv,3,-86,115329
qkv,3,-84,123829
qkv,3,-82,132387
qkv,3,-80,141278
qkv,3,-78,150251
qkv,3,-76,160779
qkv,3,-74,171751
qkv,3,-72,183963
qkv,3,-70,194676
qkv,3,-68,207090
qkv,3,-66,219560
qkv,3,-64,231432
qkv,3,-62,244452
qkv,3,-60,260317
qkv,3,-58,272285
qkv,3,-56,288342
qkv,3,-54,302087
qkv,3,-52,317968
qkv,3,-50,333449
qkv,3,-48,349097
qkv,3,-46,366896
qkv,3,-44,383201
qkv,3,-42,399724
qkv,3,-40,417857
qkv,3,-38,435037
qkv,3,-36,453175
qkv,3,-34,470750
qkv,3,-32,489983
qkv,3,-30,508495
qkv,3,-28,525743
qkv,3,-26,543456
qkv,3,-24,560316
qkv,3,-22,577310
qkv,3,-20,595342
qkv,3,-18,609067
qkv,3,-16,623596
qkv,3,-14,636692
qkv,3,-12,647542
qkv,3,-10,659254
qkv,3,-8,667051
qkv,3,-6,674440
qkv,3,-4,677967
qkv,3,-2,682677
qkv,3,0,684648
qkv,3,2,683326
qkv,3,4,679585
qkv,3,6,677710
qkv,3,8,671228
qkv,3,10,664341
qkv,3,12,651606
qkv,3,14,642157
qkv,3,16,629752
qkv,3,18,616165
qkv,3,20,601227
qkv,3,22,587092
qkv,3,24,570536
qkv,3,26,554500
qkv,3,28,538410
qkv,3,30,523216
qkv,3,32,502820
qkv,3,34,486162
qkv,3,36,467425
qkv,3,38,450549
qkv,3,40,434158
qkv,3,42,415619
qkv,3,44,398584
qkv,3,46,382539
qkv,3,48,366077
qkv,3,50,349722
qkv,3,52,332705
qkv,3,54,316625
qkv,3,56,301128
qkv,3,58,285475
qkv,3,60,270231
qkv,3,62,256835
qkv,3,64,242278
qkv,3,66,227989
qkv,3,68,214931
qkv,3,70,202078
qkv,3,72,189476
qkv,3,74,176929
qkv,3,76,165443
qkv,3,78,154318
qkv,3,80,144540
qkv,3,82,133648
qkv,3,84,124678
qkv,3,86,115685
qkv,3,88,106638
qkv,3,90,99221
qkv,3,92,91584
qkv,3,94,84248
qkv,3,96,77794
qkv,3,98,70902
qkv,3,100,65935
qkv,3,102,60470
qkv,3,104,55095
qkv,3,106,50708
qkv,3,108,46859
qkv,3,110,42576
qkv,3,112,39141
qkv,3,114,35403
qkv,3,116,32438
qkv,3,118,29770
qkv,3,120,26881
qkv,3,122,24906
qkv,3,124,22557
qkv,3,126,20446
qkv,3,128,18651
qkv,3,130,16975
qkv,3,132,15401
qkv,3,134,13992
qkv,3,136,12617
qkv,3,138,11202
qkv,3,140,10262
qkv,3,142,9249
qkv,3,144,8338
qkv,3,146,7514
qkv,3,148,6749
qkv,3,150,5995
qkv,3,152,5385
qkv,3,154,4697
qkv,3,156,4147
qkv,3,158,3658
qkv,3,160,3302
qkv,3,162,2930
qkv,3,164,2541
qkv,3,166,2262
qkv,3,168,1947
qkv,3,170,1703
qkv,3,172,1452
qkv,3,174,1284
qkv,3,176,1126
qkv,3,178,941
qkv,3,180,857
qkv,3,182,715
qkv,3,184,618
qkv,3,186,522
qkv,3,188,438
qkv,3,190,370
qkv,3,192,286
qkv,3,194,242
qkv,3,196,243
qkv,3,198,173
qkv,3,200,148
qkv,3,202,122
qkv,3,204,113
qkv,3,206,97
qkv,3,208,65
qkv,3,210,62
qkv,3,212,50
qkv,3,214,37
qkv,3,216,39
qkv,3,218,29
qkv,3,220,31
qkv,3,222,23
qkv,3,224,12
qkv,3,226,14
qkv,3,228,15
qkv,3,230,11
qkv,3,232,8
qkv,3,234,5
qkv,3,236,3
qkv,3,238,3
qkv,3,240,2
qkv,3,242,1
qkv,3,246,2
qkv,3,248,3
qkv,3,258,1
qkv,3,260,1
qkv,4,-290,1
qkv,4,-276,1
qkv,4,-274,1
qkv,4,-268,2
qkv,4,-266,1
qkv,4,-264,1
qkv,4,-262,2
qkv,4,-260,3
qkv,4,-258,1
qkv,4,-256,1
qkv,4,-254,5
qkv,4,-252,5
qkv,4,-250,5
qkv,4,-248,8
qkv,4,-246,10
qkv,4,-244,15
qkv,4,-242,19
qkv,4,-240,18
qkv,4,-238,23
qkv,4,-236,24
qkv,4,-234,36
qkv,4,-232,27
qkv,4,-230,36
qkv,4,-228,44
qkv,4,-226,55
qkv,4,-224,72
qkv,4,-222,80
qkv,4,-220,81
qkv,4,-218,105
qkv,4,-216,116
qkv,4,-214,159
qkv,4,-212,149
qkv,4,-210,195
qkv,4,-208,214
qkv,4,-206,256
qkv,4,-204,326
qkv,4,-202,356
qkv,4,-200,378
qkv,4,-198,455
qkv,4,-196,500
qkv,4,-194,590
qkv,4,-192,731
qkv,4,-190,819
qkv,4,-188,931
qkv,4,-186,1047
qkv,4,-184,1214
qkv,4,-182,1379
qkv,4,-180,1607
qkv,4,-178,1804
qkv,4,-176,2065
qkv,4,-174,2341
qkv,4,-172,2521
qkv,4,-170,2993
qkv,4,-168,3417
qkv,4,-166,3828
qkv,4,-164,4308
qkv,4,-162,4844
qkv,4,-160,5489
qkv,4,-158,6270
qkv,4,-156,6841
qkv,4,-154,7575
qkv,4,-152,8580
qkv,4,-150,9467
qkv,4,-148,10693
qkv,4,-146,11701
qkv,4,-144,12932
qkv,4,-142,14264
qkv,4,-140,15539
qkv,4,-138,17161
qkv,4,-136,18768
qkv,4,-134,20378
qkv,4,-132,22436
qkv,4,-130,24476
qkv,4,-128,26247
qkv,4,-126,28709
qkv,4,-124,31412
qkv,4,-122,33705
qkv,4,-120,36417
qkv,4,-118,39263
qkv,4,-116,42518
qkv,4,-114,45510
qkv,4,-112,48623
qkv,4,-110,52005
qkv,4,-108,56384
qkv,4,-106,60334
qkv,4,-104,64561
qkv,4,-102,69187
qkv,4,-100,74605
qkv,4,-98,79657
qkv,4,-96,84549
qkv,4,-94,90533
qkv,4,-92,96057
qkv,4,-90,102406
qkv,4,-88,108153
qkv,4,-86,115155
qkv,4,-84,122710
qkv,4,-82,129870
qkv,4,-80,136615
qkv,4,-78,146006
qkv,4,-76,153703
qkv,4,-74,162006
qkv,4,-72,172271
qkv,4,-70,181349
qkv,4,-68,191758
qkv,4,-66,201841
qkv,4,-64,213301
qkv,4,-62,224619
qkv,4,-60,236949
qkv,4,-58,248951
qkv,4,-56,263939
qkv,4,-54,277909
qkv,4,-52,291129
qkv,4,-50,307584
qkv,4,-48,323113
qkv,4,-46,341223
qkv,4,-44,358706
qkv,4,-42,377611
qkv,4,-40,397260
qkv,4,-38,415475
qkv,4,-36,434770
qkv,4,-34,456227
qkv,4,-32,477582
qkv,4,-30,499004
qkv,4,-28,520569
qkv,4,-26,540603
qkv,4,-24,560170
qkv,4,-22,581360
qkv,4,-20,601834
qkv,4,-18,620336
qkv,4,-16,636525
qkv,4,-14,653206
qkv,4,-12,666374
qkv,4,-10,681194
qkv,4,-8,692280
qkv,4,-6,701382
qkv,4,-4,706948
qkv,4,-2,710817
qkv,4,0,714615
qkv,4,2,713509
qkv,4,4,708323
qkv,4,6,705196
qkv,4,8,697933
qkv,4,10,689252
qkv,4,12,675571
qkv,4,14,664438
qkv,4,16,649265
qkv,4,18,632624
qkv,4,20,616227
qkv,4,22,596491
qkv,4,24,577739
qkv,4,26,555264
qkv,4,28,536496
qkv,4,30,515240
qkv,4,32,495523
qkv,4,34,473589
qkv,4,36,454655
qkv,4,38,432574
qkv,4,40,413836
qkv,4,42,394379
qkv,4,44,374829
qkv,4,46,357210
qkv,4,48,339607
qkv,4,50,322065
qkv,4,52,307100
qkv,4,54,291656
qkv,4,56,276389
qkv,4,58,261451
qkv,4,60,247959
qkv,4,62,235519
qkv,4,64,222178
qkv,4,66,210591
qkv,4,68,199369
qkv,4,70,187853
qkv,4,72,177980
qkv,4,74,167849
qkv,4,76,157967
qkv,4,78,149449
qkv,4,80,140544
qkv,4,82,132574
qkv,4,84,124769
qkv,4,86,116181
qkv,4,88,109599
qkv,4,90,103565
qkv,4,92,96695
qkv,4,94,91177
qkv,4,96,84955
qkv,4,98,79442
qkv,4,100,74931
qkv,4,102,70252
qkv,4,104,65089
qkv,4,106,60952
qkv,4,108,56991
qkv,4,110,52862
qkv,4,112,49062
qkv,4,114,46052
qkv,4,116,42830
qkv,4,118,39856
qkv,4,120,37151
qkv,4,122,34337
qkv,4,124,32177
qkv,4,126,29761
qkv,4,128,27852
qkv,4,130,25525
qkv,4,132,23570
qkv,4,134,21798
qkv,4,136,20583
qkv,4,138,18666
qkv,4,140,17152
qkv,4,142,15674
qkv,4,144,14583
qkv,4,146,13576
qkv,4,148,12323
qkv,4,150,11180
qkv,4,152,10393
qkv,4,154,9429
qkv,4,156,8626
qkv,4,158,8084
qkv,4,160,7056
qkv,4,162,6634
qkv,4,164,5894
qkv,4,166,5340
qkv,4,168,4661
qkv,4,170,4264
qkv,4,172,3737
qkv,4,174,3301
qkv,4,176,2951
qkv,4,178,2682
qkv,4,180,2280
qkv,4,182,1964
qkv,4,184,1785
qkv,4,186,1497
qkv,4,188,1251
qkv,4,190,1122
qkv,4,192,945
qkv,4,194,792
qkv,4,196,663
qkv,4,198,571
qkv,4,200,498
qkv,4,202,439
qkv,4,204,321
qkv,4,206,287
qkv,4,208,238
qkv,4,210,183
qkv,4,212,148
qkv,4,214,137
qkv,4,216,104
qkv,4,218,92
qkv,4,220,68
qkv,4,222,54
qkv,4,224,50
qkv,4,226,52
qkv,4,228,34
qkv,4,230,16
qkv,4,232,15
qkv,4,234,22
qkv,4,236,17
qkv,4,238,5
qkv,4,240,6
qkv,4,242,14
qkv,4,244,13
qkv,4,246,8
qkv,4,248,4
qkv,4,250,9
qkv,4,252,9
qkv,4,254,4
qkv,4,256,4
qkv,4,258,7
qkv,4,260,2
qkv,4,262,3
qkv,4,264,1
qkv,4,266,1
qkv,4,268,2
qkv,4,270,4
qkv,4,272,5
qkv,4,274,1
qkv,4,276,2
qkv,4,280,4
qkv,4,282,4
qkv,4,284,2
qkv,4,286,2
qkv,4,288,4
qkv,4,290,2
qkv,4,294,2
qkv,4,300,1
qkv,4,304,1
qkv,4,306,2
qkv,4,308,1
qkv,5,-278,2
qkv,5,-276,1
qkv,5,-274,2
qkv,5,-272,1
qkv,5,-268,1
qkv,5,-266,4
qkv,5,-264,2
qkv,5,-262,3
qkv,5,-260,4
qkv,5,-258,2
qkv,5,-256,5
qkv,5,-254,8
qkv,5,-252,8
qkv,5,-250,8
qkv,5,-248,7
qkv,5,-246,25
qkv,5,-244,20
qkv,5,-242,31
qkv,5,-240,41
qkv,5,-238,40
qkv,5,-236,68
qkv,5,-234,68
qkv,5,-232,71
qkv,5,-230,114
qkv,5,-228,119
qkv,5,-226,184
qkv,5,-224,169
qkv,5,-222,200
qkv,5,-220,247
qkv,5,-218,268
qkv,5,-216,358
qkv,5,-214,398
qkv,5,-212,459
qkv,5,-210,541
qkv,5,-208,650
qkv,5,-206,724
qkv,5,-204,827
qkv,5,-202,1025
qkv,5,-200,1158
qkv,5,-198,1285
qkv,5,-196,1512
qkv,5,-194,1666
qkv,5,-192,1989
qkv,5,-190,2224
qkv,5,-188,2408
qkv,5,-186,2864
qkv,5,-184,3146
qkv,5,-182,3483
qkv,5,-180,3860
qkv,5,-178,4375
qkv,5,-176,4890
qkv,5,-174,5341
qkv,5,-172,6073
qkv,5,-170,6671
qkv,5,-168,7341
qkv,5,-166,8069
qkv,5,-164,9009
qkv,5,-162,9718
qkv,5,-160,10747
qkv,5,-158,11815
qkv,5,-156,12746
qkv,5,-154,13780
qkv,5,-152,15042
qkv,5,-150,16543
qkv,5,-148,17880
qkv,5,-146,19081
qkv,5,-144,20681
qkv,5,-142,22285
qkv,5,-140,23960
qkv,5,-138,25732
qkv,5,-136,27248
qkv,5,-134,29641
qkv,5,-132,31520
qkv,5,-130,33622
qkv,5,-128,35964
qkv,5,-126,38198
qkv,5,-124,40686
qkv,5,-122,43345
qkv,5,-120,45970
qkv,5,-118,48744
qkv,5,-116,52020
qkv,5,-114,55324
qkv,5,-112,58085
qkv,5,-110,61720
qkv,5,-108,65340
qkv,5,-106,68803
qkv,5,-104,72836
qkv,5,-102,77204
qkv,5,-100,81717
qkv,5,-98,85962
qkv,5,-96,90714
qkv,5,-94,96212
qkv,5,-92,101731
qkv,5,-90,107091
qkv,5,-88,113029
qkv,5,-86,119308
qkv,5,-84,126450
qkv,5,-82,133133
qkv,5,-80,140420
qkv,5,-78,147889
qkv,5,-76,155582
qkv,5,-74,165338
qkv,5,-72,174025
qkv,5,-70,183097
qkv,5,-68,193347
qkv,5,-66,203992
qkv,5,-64,215783
qkv,5,-62,228511
qkv,5,-60,240112
qkv,5,-58,252027
qkv,5,-56,267291
qkv,5,-54,280880
qkv,5,-52,296289
qkv,5,-50,312111
qkv,5,-48,327830
qkv,5,-46,345160
qkv,5,-44,363481
qkv,5,-42,381790
qkv,5,-40,400887
qkv,5,-38,420970
qkv,5,-36,441936
qkv,5,-34,461557
qkv,5,-32,482743
qkv,5,-30,503150
qkv,5,-28,522831
qkv,5,-26,542232
qkv,5,-24,562372
qkv,5,-22,580883
qkv,5,-20,598765
qkv,5,-18,616365
qkv,5,-16,632488
qkv,5,-14,646292
qkv,5,-12,659489
qkv,5,-10,671315
qkv,5,-8,680287
qkv,5,-6,688190
qkv,5,-4,692396
qkv,5,-2,696396
qkv,5,0,697012
qkv,5,2,697592
qkv,5,4,692697
qkv,5,6,688341
qkv,5,8,679581
qkv,5,10,669630
qkv,5,12,658609
qkv,5,14,645811
qkv,5,16,631495
qkv,5,18,614851
qkv,5,20,598754
qkv,5,22,578940
qkv,5,24,560566
qkv,5,26,541991
qkv,5,28,520049
qkv,5,30,500140
qkv,5,32,480092
qkv,5,34,459848
qkv,5,36,440618
qkv,5,38,418157
qkv,5,40,399039
qkv,5,42,380353
qkv,5,44,360519
qkv,5,46,342689
qkv,5,48,326042
qkv,5,50,309112
qkv,5,52,292869
qkv,5,54,278098
qkv,5,56,263474
qkv,5,58,249599
qkv,5,60,236519
qkv,5,62,223204
qkv,5,64,211370
qkv,5,66,200534
qkv,5,68,190011
qkv,5,70,180029
qkv,5,72,170793
qkv,5,74,161814
qkv,5,76,153460
qkv,5,78,145260
qkv,5,80,138165
qkv,5,82,130924
qkv,5,84,123782
qkv,5,86,117333
qkv,5,88,111632
qkv,5,90,105420
qkv,5,92,99965
qkv,5,94,94537
qkv,5,96,88976
qkv,5,98,84595
qkv,5,100,79909
qkv,5,102,75698
qkv,5,104,71380
qkv,5,106,67154
qkv,5,108,63652
qkv,5,110,59655
qkv,5,112,56316
qkv,5,114,53212
qkv,5,116,49795
qkv,5,118,46656
qkv,5,120,43817
qkv,5,122,41192
qkv,5,124,38386
qkv,5,126,35700
qkv,5,128,33264
qkv,5,130,31197
qkv,5,132,29114
qkv,5,134,26902
qkv,5,136,25276
qkv,5,138,23313
qkv,5,140,21488
qkv,5,142,19956
qkv,5,144,17841
qkv,5,146,16648
qkv,5,148,15145
qkv,5,150,14302
qkv,5,152,12927
qkv,5,154,11680
qkv,5,156,10531
qkv,5,158,9803
qkv,5,160,8697
qkv,5,162,7988
qkv,5,164,7042
qkv,5,166,6418
qkv,5,168,5749
qkv,5,170,5212
qkv,5,172,4604
qkv,5,174,4193
qkv,5,176,3719
qkv,5,178,3280
qkv,5,180,2914
qkv,5,182,2588
qkv,5,184,2210
qkv,5,186,1972
qkv,5,188,1740
qkv,5,190,1557
qkv,5,192,1375
qkv,5,194,1169
qkv,5,196,1069
qkv,5,198,936
qkv,5,200,735
qkv,5,202,673
qkv,5,204,591
qkv,5,206,480
qkv,5,208,507
qkv,5,210,410
qkv,5,212,362
qkv,5,214,258
qkv,5,216,227
qkv,5,218,186
qkv,5,220,162
qkv,5,222,136
qkv,5,224,117
qkv,5,226,101
qkv,5,228,73
qkv,5,230,75
qkv,5,232,37
qkv,5,234,44
qkv,5,236,33
qkv,5,238,17
qkv,5,240,25
qkv,5,242,13
qkv,5,244,11
qkv,5,246,9
qkv,5,248,8
qkv,5,250,4
qkv,5,252,6
qkv,5,254,2
qkv,5,256,4
qkv,5,260,3
qkv,6,-260,1
qkv,6,-256,1
qkv,6,-250,1
qkv,6,-248,1
qkv,6,-246,2
qkv,6,-244,1
qkv,6,-242,3
qkv,6,-240,5
qkv,6,-238,1
qkv,6,-236,10
qkv,6,-234,11
qkv,6,-232,6
qkv,6,-230,13
qkv,6,-228,16
qkv,6,-226,21
qkv,6,-224,19
qkv,6,-222,29
qkv,6,-220,53
qkv,6,-218,36
qkv,6,-216,51
qkv,6,-214,57
qkv,6,-212,83
qkv,6,-210,111
qkv,6,-208,127
qkv,6,-206,146
qkv,6,-204,174
qkv,6,-202,194
qkv,6,-200,284
qkv,6,-198,304
qkv,6,-196,348
qkv,6,-194,439
qkv,6,-192,521
qkv,6,-190,628
qkv,6,-188,699
qkv,6,-186,852
qkv,6,-184,960
qkv,6,-182,1097
qkv,6,-180,1235
qkv,6,-178,1468
qkv,6,-176,1733
qkv,6,-174,2023
qkv,6,-172,2301
qkv,6,-170,2684
qkv,6,-168,3119
qkv,6,-166,3370
qkv,6,-164,3995
qkv,6,-162,4446
qkv,6,-160,5107
qkv,6,-158,5623
qkv,6,-156,6375
qkv,6,-154,7038
qkv,6,-152,7775
qkv,6,-150,8808
qkv,6,-148,9925
qkv,6,-146,11105
qkv,6,-144,11840
qkv,6,-142,13232
qkv,6,-140,14433
qkv,6,-138,16063
qkv,6,-136,17863
qkv,6,-134,19305
qkv,6,-132,20699
qkv,6,-130,23040
qkv,6,-128,25046
qkv,6,-126,27018
qkv,6,-124,29738
qkv,6,-122,32554
qkv,6,-120,35258
qkv,6,-118,38053
qkv,6,-116,41023
qkv,6,-114,44176
qkv,6,-112,48310
qkv,6,-110,51705
qkv,6,-108,54878
qkv,6,-106,59395
qkv,6,-104,64383
qkv,6,-102,68544
qkv,6,-100,73897
qkv,6,-98,78573
qkv,6,-96,84322
qkv,6,-94,89715
qkv,6,-92,95848
qkv,6,-90,101761
qkv,6,-88,108410
qkv,6,-86,115725
qkv,6,-84,122971
qkv,6,-82,131390
qkv,6,-80,139215
qkv,6,-78,148036
qkv,6,-76,157249
qkv,6,-74,166422
qkv,6,-72,176090
qkv,6,-70,187633
qkv,6,-68,198221
qkv,6,-66,210748
qkv,6,-64,221873
qkv,6,-62,234311
qkv,6,-60,246656
qkv,6,-58,261384
qkv,6,-56,277424
qkv,6,-54,291543
qkv,6,-52,307100
qkv,6,-50,323488
qkv,6,-48,340266
qkv,6,-46,357630
qkv,6,-44,375619
qkv,6,-42,395597
qkv,6,-40,414681
qkv,6,-38,433774
qkv,6,-36,452722
qkv,6,-34,471259
qkv,6,-32,492632
qkv,6,-30,513020
qkv,6,-28,531905
qkv,6,-26,551673
qkv,6,-24,569085
qkv,6,-22,586930
qkv,6,-20,605361
qkv,6,-18,622023
qkv,6,-16,637140
qkv,6,-14,649474
qkv,6,-12,660828
qkv,6,-10,672701
qkv,6,-8,681455
qkv,6,-6,688333
qkv,6,-4,694185
qkv,6,-2,696618
qkv,6,0,697041
qkv,6,2,697564
qkv,6,4,693625
qkv,6,6,689201
qkv,6,8,682769
qkv,6,10,675312
qkv,6,12,663090
qkv,6,14,651652
qkv,6,16,639455
qkv,6,18,622202
qkv,6,20,607369
qkv,6,22,590362
qkv,6,24,572776
qkv,6,26,553077
qkv,6,28,533854
qkv,6,30,515422
qkv,6,32,495627
qkv,6,34,475793
qkv,6,36,455143
qkv,6,38,437093
qkv,6,40,416370
qkv,6,42,397804
qkv,6,44,379195
qkv,6,46,359925
qkv,6,48,342950
qkv,6,50,325815
qkv,6,52,308980
qkv,6,54,292050
qkv,6,56,277853
qkv,6,58,262581
qkv,6,60,248963
qkv,6,62,235549
qkv,6,64,222678
qkv,6,66,210320
qkv,6,68,198637
qkv,6,70,186812
qkv,6,72,176818
qkv,6,74,166603
qkv,6,76,156951
qkv,6,78,147835
qkv,6,80,138703
qkv,6,82,131245
qkv,6,84,123689
qkv,6,86,115240
qkv,6,88,108812
qkv,6,90,102125
qkv,6,92,95916
qkv,6,94,89466
qkv,6,96,83242
qkv,6,98,78774
qkv,6,100,73690
qkv,6,102,68994
qkv,6,104,64297
qkv,6,106,59671
qkv,6,108,55250
qkv,6,110,51794
qkv,6,112,47240
qkv,6,114,44257
qkv,6,116,40534
qkv,6,118,37880
qkv,6,120,35007
qkv,6,122,32077
qkv,6,124,29725
qkv,6,126,27333
qkv,6,128,24895
qkv,6,130,22650
qkv,6,132,21209
qkv,6,134,19353
qkv,6,136,17535
qkv,6,138,15514
qkv,6,140,14411
qkv,6,142,13003
qkv,6,144,11764
qkv,6,146,10686
qkv,6,148,9533
qkv,6,150,8477
qkv,6,152,7706
qkv,6,154,6890
qkv,6,156,6106
qkv,6,158,5368
qkv,6,160,4807
qkv,6,162,4328
qkv,6,164,3868
qkv,6,166,3426
qkv,6,168,2974
qkv,6,170,2597
qkv,6,172,2255
qkv,6,174,2010
qkv,6,176,1829
qkv,6,178,1571
qkv,6,180,1337
qkv,6,182,1158
qkv,6,184,972
qkv,6,186,829
qkv,6,188,696
qkv,6,190,657
qkv,6,192,539
qkv,6,194,436
qkv,6,196,403
qkv,6,198,309
qkv,6,200,269
qkv,6,202,216
qkv,6,204,215
qkv,6,206,138
qkv,6,208,139
qkv,6,210,106
qkv,6,212,91
qkv,6,214,81
qkv,6,216,75
qkv,6,218,68
qkv,6,220,45
qkv,6,222,48
qkv,6,224,34
qkv,6,226,18
qkv,6,228,20
qkv,6,230,17
qkv,6,232,12
qkv,6,234,6
qkv,6,236,8
qkv,6,238,10
qkv,6,240,5
qkv,6,242,6
qkv,6,244,3
qkv,6,246,3
qkv,6,248,4
qkv,6,250,4
qkv,6,252,2
qkv,6,254,2
qkv,6,256,2
qkv,6,258,3
qkv,6,260,1
qkv,7,-282,1
qkv,7,-274,2
qkv,7,-268,1
qkv,7,-262,1
qkv,7,-258,2
qkv,7,-256,2
qkv,7,-254,4
qkv,7,-252,1
qkv,7,-250,4
qkv,7,-248,3
qkv,7,-246,4
qkv,7,-244,6
qkv,7,-242,4
qkv,7,-240,7
qkv,7,-238,8
qkv,7,-236,8
qkv,7,-234,19
qkv,7,-232,24
qkv,7,-230,36
qkv,7,-228,27
qkv,7,-226,32
qkv,7,-224,39
qkv,7,-222,57
qkv,7,-220,61
qkv,7,-218,59
qkv,7,-216,79
qkv,7,-214,89
qkv,7,-212,125
qkv,7,-210,131
qkv,7,-208,173
qkv,7,-206,151
qkv,7,-204,191
qkv,7,-202,248
qkv,7,-200,256
qkv,7,-198,307
qkv,7,-196,380
qkv,7,-194,423
qkv,7,-192,506
qkv,7,-190,589
qkv,7,-188,587
qkv,7,-186,706
qkv,7,-184,830
qkv,7,-182,981
qkv,7,-180,1048
qkv,7,-178,1239
qkv,7,-176,1434
qkv,7,-174,1556
qkv,7,-172,1800
qkv,7,-170,2058
qkv,7,-168,2376
qkv,7,-166,2639
qkv,7,-164,2944
qkv,7,-162,3325
qkv,7,-160,3829
qkv,7,-158,4219
qkv,7,-156,4864
qkv,7,-154,5260
qkv,7,-152,5945
qkv,7,-150,6553
qkv,7,-148,7413
qkv,7,-146,8373
qkv,7,-144,9223
qkv,7,-142,10375
qkv,7,-140,11532
qkv,7,-138,12562
qkv,7,-136,13690
qkv,7,-134,15228
qkv,7,-132,17228
qkv,7,-130,18761
qkv,7,-128,20661
qkv,7,-126,22621
qkv,7,-124,24907
qkv,7,-122,26806
qkv,7,-120,29784
qkv,7,-118,32200
qkv,7,-116,35485
qkv,7,-114,38210
qkv,7,-112,41627
qkv,7,-110,45352
qkv,7,-108,49646
qkv,7,-106,53216
qkv,7,-104,58299
qkv,7,-102,62721
qkv,7,-100,67388
qkv,7,-98,73551
qkv,7,-96,78295
qkv,7,-94,84417
qkv,7,-92,91362
qkv,7,-90,96979
qkv,7,-88,104294
qkv,7,-86,112121
qkv,7,-84,119522
qkv,7,-82,127576
qkv,7,-80,136635
qkv,7,-78,145591
qkv,7,-76,154475
qkv,7,-74,165174
qkv,7,-72,175828
qkv,7,-70,187003
qkv,7,-68,198533
qkv,7,-66,210090
qkv,7,-64,222987
qkv,7,-62,236110
qkv,7,-60,250722
qkv,7,-58,264508
qkv,7,-56,279823
qkv,7,-54,295373
qkv,7,-52,311464
qkv,7,-50,327856
qkv,7,-48,345938
qkv,7,-46,363511
qkv,7,-44,381046
qkv,7,-42,399585
qkv,7,-40,418385
qkv,7,-38,437360
qkv,7,-36,457775
qkv,7,-34,478701
qkv,7,-32,497226
qkv,7,-30,516241
qkv,7,-28,536264
qkv,7,-26,555580
qkv,7,-24,572859
qkv,7,-22,589320
qkv,7,-20,607581
qkv,7,-18,623158
qkv,7,-16,636916
qkv,7,-14,649749
qkv,7,-12,662361
qkv,7,-10,671820
qkv,7,-8,680446
qkv,7,-6,688912
qkv,7,-4,691548
qkv,7,-2,696918
qkv,7,0,697852
qkv,7,2,696879
qkv,7,4,694163
qkv,7,6,689630
qkv,7,8,683729
qkv,7,10,677690
qkv,7,12,665289
qkv,7,14,653431
qkv,7,16,642921
qkv,7,18,628932
qkv,7,20,613762
qkv,7,22,596593
qkv,7,24,578730
qkv,7,26,561865
qkv,7,28,543997
qkv,7,30,524918
qkv,7,32,504984
qkv,7,34,484541
qkv,7,36,466487
qkv,7,38,445507
qkv,7,40,425581
qkv,7,42,407833
qkv,7,44,388699
qkv,7,46,371297
qkv,7,48,353041
qkv,7,50,335414
qkv,7,52,316549
qkv,7,54,301662
qkv,7,56,285660
qkv,7,58,269700
qkv,7,60,255840
qkv,7,62,240317
qkv,7,64,228436
qkv,7,66,214947
qkv,7,68,202356
qkv,7,70,190332
qkv,7,72,179438
qkv,7,74,168918
qkv,7,76,157655
qkv,7,78,149027
qkv,7,80,139747
qkv,7,82,130451
qkv,7,84,122188
qkv,7,86,114353
qkv,7,88,106751
qkv,7,90,100226
qkv,7,92,93247
qkv,7,94,86916
qkv,7,96,80185
qkv,7,98,75009
qkv,7,100,69524
qkv,7,102,64167
qkv,7,104,59604
qkv,7,106,55355
qkv,7,108,50649
qkv,7,110,46985
qkv,7,112,43163
qkv,7,114,39950
qkv,7,116,36673
qkv,7,118,33908
qkv,7,120,30693
qkv,7,122,27530
qkv,7,124,25291
qkv,7,126,23238
qkv,7,128,20877
qkv,7,130,18941
qkv,7,132,17142
qkv,7,134,15666
qkv,7,136,13941
qkv,7,138,12558
qkv,7,140,11394
qkv,7,142,10029
qkv,7,144,9145
qkv,7,146,8323
qkv,7,148,7328
qkv,7,150,6555
qkv,7,152,5690
qkv,7,154,5183
qkv,7,156,4482
qkv,7,158,4039
qkv,7,160,3419
qkv,7,162,3013
qkv,7,164,2694
qkv,7,166,2356
qkv,7,168,2039
qkv,7,170,1736
qkv,7,172,1548
qkv,7,174,1340
qkv,7,176,1117
qkv,7,178,1000
qkv,7,180,825
qkv,7,182,750
qkv,7,184,656
qkv,7,186,542
qkv,7,188,488
qkv,7,190,393
qkv,7,192,331
qkv,7,194,279
qkv,7,196,253
qkv,7,198,204
qkv,7,200,174
qkv,7,202,131
qkv,7,204,108
qkv,7,206,115
qkv,7,208,80
qkv,7,210,67
qkv,7,212,59
qkv,7,214,51
qkv,7,216,47
qkv,7,218,34
qkv,7,220,20
qkv,7,222,31
qkv,7,224,16
qkv,7,226,14
qkv,7,228,13
qkv,7,230,7
qkv,7,232,11
qkv,7,234,3
qkv,7,236,9
qkv,7,238,5
qkv,7,240,2
qkv,7,242,1
qkv,7,246,2
qkv,7,248,4
qkv,7,262,1
qkv,8,-248,1
qkv,8,-246,1
qkv,8,-244,4
qkv,8,-242,1
qkv,8,-240,2
qkv,8,-238,4
qkv,8,-236,2
qkv,8,-234,6
qkv,8,-232,9
qkv,8,-230,10
qkv,8,-228,13
qkv,8,-226,13
qkv,8,-224,25
qkv,8,-222,19
qkv,8,-220,21
qkv,8,-218,31
qkv,8,-216,32
qkv,8,-214,40
qkv,8,-212,47
qkv,8,-210,52
qkv,8,-208,77
qkv,8,-206,72
qkv,8,-204,52
qkv,8,-202,101
qkv,8,-200,114
qkv,8,-198,129
qkv,8,-196,166
qkv,8,-194,163
qkv,8,-192,224
qkv,8,-190,283
qkv,8,-188,297
qkv,8,-186,364
qkv,8,-184,411
qkv,8,-182,488
qkv,8,-180,539
qkv,8,-178,641
qkv,8,-176,716
qkv,8,-174,824
qkv,8,-172,968
qkv,8,-170,1111
qkv,8,-168,1336
qkv,8,-166,1512
qkv,8,-164,1702
qkv,8,-162,1954
qkv,8,-160,2156
qkv,8,-158,2584
qkv,8,-156,2791
qkv,8,-154,3207
qkv,8,-152,3590
qkv,8,-150,4058
qkv,8,-148,4585
qkv,8,-146,5201
qkv,8,-144,5976
qkv,8,-142,6734
qkv,8,-140,7584
qkv,8,-138,8454
qkv,8,-136,9627
qkv,8,-134,10437
qkv,8,-132,11807
qkv,8,-130,13235
qkv,8,-128,14949
qkv,8,-126,16526
qkv,8,-124,18112
qkv,8,-122,20092
qkv,8,-120,22362
qkv,8,-118,24535
qkv,8,-116,27196
qkv,8,-114,30018
qkv,8,-112,32968
qkv,8,-110,36554
qkv,8,-108,39937
qkv,8,-106,43724
qkv,8,-104,48248
qkv,8,-102,52138
qkv,8,-100,57352
qkv,8,-98,62499
qkv,8,-96,67962
qkv,8,-94,73306
qkv,8,-92,80464
qkv,8,-90,87232
qkv,8,-88,94514
qkv,8,-86,101751
qkv,8,-84,109338
qkv,8,-82,118782
qkv,8,-80,127896
qkv,8,-78,137814
qkv,8,-76,148352
qkv,8,-74,159290
qkv,8,-72,170626
qkv,8,-70,182548
qkv,8,-68,195126
qkv,8,-66,209795
qkv,8,-64,223508
qkv,8,-62,237461
qkv,8,-60,253050
qkv,8,-58,269130
qkv,8,-56,285334
qkv,8,-54,302841
qkv,8,-52,320919
qkv,8,-50,338599
qkv,8,-48,358086
qkv,8,-46,377622
qkv,8,-44,396633
qkv,8,-42,415666
qkv,8,-40,435255
qkv,8,-38,456911
qkv,8,-36,476449
qkv,8,-34,497326
qkv,8,-32,518170
qkv,8,-30,537794
qkv,8,-28,556948
qkv,8,-26,574974
qkv,8,-24,592601
qkv,8,-22,610814
qkv,8,-20,626762
qkv,8,-18,642757
qkv,8,-16,658232
qkv,8,-14,669670
qkv,8,-12,680893
qkv,8,-10,689924
qkv,8,-8,699039
qkv,8,-6,703174
qkv,8,-4,709287
qkv,8,-2,711411
qkv,8,0,710882
qkv,8,2,710147
qkv,8,4,708111
qkv,8,6,702368
qkv,8,8,697416
qkv,8,10,688365
qkv,8,12,679376
qkv,8,14,667879
qkv,8,16,654941
qkv,8,18,641290
qkv,8,20,625513
qkv,8,22,610181
qkv,8,24,592087
qkv,8,26,574599
qkv,8,28,555241
qkv,8,30,535425
qkv,8,32,516941
qkv,8,34,496451
qkv,8,36,476454
qkv,8,38,456683
qkv,8,40,436265
qkv,8,42,414252
qkv,8,44,395350
qkv,8,46,376410
qkv,8,48,358478
qkv,8,50,338901
qkv,8,52,320805
qkv,8,54,304198
qkv,8,56,285321
qkv,8,58,268760
qkv,8,60,252954
qkv,8,62,237600
qkv,8,64,223368
qkv,8,66,209906
qkv,8,68,195851
qkv,8,70,182811
qkv,8,72,169183
qkv,8,74,159261
qkv,8,76,147619
qkv,8,78,136935
qkv,8,80,127502
qkv,8,82,118441
qkv,8,84,109719
qkv,8,86,100259
qkv,8,88,92825
qkv,8,90,86032
qkv,8,92,78952
qkv,8,94,72462
qkv,8,96,66247
qkv,8,98,60801
qkv,8,100,55999
qkv,8,102,50987
qkv,8,104,46390
qkv,8,106,42305
qkv,8,108,38198
qkv,8,110,34644
qkv,8,112,31467
qkv,8,114,28428
qkv,8,116,25738
qkv,8,118,23135
qkv,8,120,20743
qkv,8,122,18762
qkv,8,124,17012
qkv,8,126,14996
qkv,8,128,13568
qkv,8,130,11964
qkv,8,132,10538
qkv,8,134,9447
qkv,8,136,8692
qkv,8,138,7467
qkv,8,140,6553
qkv,8,142,5833
qkv,8,144,5194
qkv,8,146,4717
qkv,8,148,4010
qkv,8,150,3524
qkv,8,152,3091
qkv,8,154,2758
qkv,8,156,2283
qkv,8,158,2132
qkv,8,160,1774
qkv,8,162,1532
qkv,8,164,1390
qkv,8,166,1274
qkv,8,168,1104
qkv,8,170,924
qkv,8,172,811
qkv,8,174,700
qkv,8,176,658
qkv,8,178,565
qkv,8,180,498
qkv,8,182,406
qkv,8,184,348
qkv,8,186,324
qkv,8,188,278
qkv,8,190,259
qkv,8,192,220
qkv,8,194,179
qkv,8,196,176
qkv,8,198,133
qkv,8,200,131
qkv,8,202,94
qkv,8,204,86
qkv,8,206,82
qkv,8,208,70
qkv,8,210,65
qkv,8,212,46
qkv,8,214,61
qkv,8,216,39
qkv,8,218,30
qkv,8,220,36
qkv,8,222,35
qkv,8,224,24
qkv,8,226,33
qkv,8,228,22
qkv,8,230,14
qkv,8,232,14
qkv,8,234,11
qkv,8,236,11
qkv,8,238,9
qkv,8,240,6
qkv,8,242,4
qkv,8,244,3
qkv,8,246,4
qkv,8,248,3
qkv,8,252,1
qkv,8,254,1
qkv,8,256,1
qkv,8,258,2
qkv,8,260,1
qkv,8,262,1
qkv,8,266,1
qkv,9,-298,1
qkv,9,-290,1
qkv,9,-288,1
qkv,9,-284,1
qkv,9,-282,2
qkv,9,-280,5
qkv,9,-278,1
qkv,9,-276,2
qkv,9,-274,5
qkv,9,-272,6
qkv,9,-270,3
qkv,9,-268,9
qkv,9,-266,10
qkv,9,-264,12
qkv,9,-262,7
qkv,9,-260,12
qkv,9,-258,11
qkv,9,-256,9
qkv,9,-254,11
qkv,9,-252,9
qkv,9,-250,13
qkv,9,-248,16
qkv,9,-246,11
qkv,9,-244,15
qkv,9,-242,11
qkv,9,-240,8
qkv,9,-238,9
qkv,9,-236,5
qkv,9,-234,17
qkv,9,-232,17
qkv,9,-230,17
qkv,9,-228,17
qkv,9,-226,27
qkv,9,-224,25
qkv,9,-222,34
qkv,9,-220,29
qkv,9,-218,31
qkv,9,-216,46
qkv,9,-214,53
qkv,9,-212,44
qkv,9,-210,68
qkv,9,-208,78
qkv,9,-206,74
qkv,9,-204,74
qkv,9,-202,110
qkv,9,-200,131
qkv,9,-198,119
qkv,9,-196,141
qkv,9,-194,143
qkv,9,-192,184
qkv,9,-190,217
qkv,9,-188,222
qkv,9,-186,300
qkv,9,-184,340
qkv,9,-182,374
qkv,9,-180,426
qkv,9,-178,477
qkv,9,-176,553
qkv,9,-174,587
qkv,9,-172,715
qkv,9,-170,853
qkv,9,-168,970
qkv,9,-166,1059
qkv,9,-164,1200
qkv,9,-162,1415
qkv,9,-160,1678
qkv,9,-158,1890
qkv,9,-156,2126
qkv,9,-154,2546
qkv,9,-152,2892
qkv,9,-150,3343
qkv,9,-148,3734
qkv,9,-146,4349
qkv,9,-144,4985
qkv,9,-142,5634
qkv,9,-140,6451
qkv,9,-138,7262
qkv,9,-136,8361
qkv,9,-134,9294
qkv,9,-132,10650
qkv,9,-130,11885
qkv,9,-128,13555
qkv,9,-126,15090
qkv,9,-124,16962
qkv,9,-122,18925
qkv,9,-120,21212
qkv,9,-118,23447
qkv,9,-116,26263
qkv,9,-114,29333
qkv,9,-112,32231
qkv,9,-110,35902
qkv,9,-108,39790
qkv,9,-106,44009
qkv,9,-104,48247
qkv,9,-102,53297
qkv,9,-100,58519
qkv,9,-98,63420
qkv,9,-96,69798
qkv,9,-94,76363
qkv,9,-92,82997
qkv,9,-90,90102
qkv,9,-88,97305
qkv,9,-86,105339
qkv,9,-84,114787
qkv,9,-82,124482
qkv,9,-80,132856
qkv,9,-78,144201
qkv,9,-76,155113
qkv,9,-74,165133
qkv,9,-72,178122
qkv,9,-70,190214
qkv,9,-68,204224
qkv,9,-66,217104
qkv,9,-64,231362
qkv,9,-62,246015
qkv,9,-60,261103
qkv,9,-58,276545
qkv,9,-56,293337
qkv,9,-54,308679
qkv,9,-52,327658
qkv,9,-50,345342
qkv,9,-48,362713
qkv,9,-46,381087
qkv,9,-44,399480
qkv,9,-42,417764
qkv,9,-40,437953
qkv,9,-38,456132
qkv,9,-36,475871
qkv,9,-34,494051
qkv,9,-32,511765
qkv,9,-30,529120
qkv,9,-28,546989
qkv,9,-26,565465
qkv,9,-24,578921
qkv,9,-22,596007
qkv,9,-20,611200
qkv,9,-18,623824
qkv,9,-16,637845
qkv,9,-14,648323
qkv,9,-12,659507
qkv,9,-10,665845
qkv,9,-8,675432
qkv,9,-6,680053
qkv,9,-4,684666
qkv,9,-2,688008
qkv,9,0,688346
qkv,9,2,687458
qkv,9,4,686423
qkv,9,6,681590
qkv,9,8,676199
qkv,9,10,668534
qkv,9,12,661607
qkv,9,14,649698
qkv,9,16,640358
qkv,9,18,627296
qkv,9,20,613445
qkv,9,22,598850
qkv,9,24,582962
qkv,9,26,567015
qkv,9,28,549543
qkv,9,30,532636
qkv,9,32,514401
qkv,9,34,496993
qkv,9,36,478575
qkv,9,38,460239
qkv,9,40,442740
qkv,9,42,422649
qkv,9,44,405532
qkv,9,46,386613
qkv,9,48,369264
qkv,9,50,351026
qkv,9,52,333617
qkv,9,54,317418
qkv,9,56,301469
qkv,9,58,284707
qkv,9,60,267677
qkv,9,62,252719
qkv,9,64,238458
qkv,9,66,224418
qkv,9,68,210871
qkv,9,70,197821
qkv,9,72,185113
qkv,9,74,172857
qkv,9,76,161201
qkv,9,78,149891
qkv,9,80,139772
qkv,9,82,129838
qkv,9,84,119629
qkv,9,86,110872
qkv,9,88,102787
qkv,9,90,94227
qkv,9,92,87223
qkv,9,94,80060
qkv,9,96,73132
qkv,9,98,67203
qkv,9,100,61432
qkv,9,102,55745
qkv,9,104,50824
qkv,9,106,46503
qkv,9,108,41771
qkv,9,110,37934
qkv,9,112,34150
qkv,9,114,30673
qkv,9,116,27562
qkv,9,118,24902
qkv,9,120,22015
qkv,9,122,19780
qkv,9,124,17887
qkv,9,126,15772
qkv,9,128,14396
qkv,9,130,12268
qkv,9,132,10933
qkv,9,134,9652
qkv,9,136,8604
qkv,9,138,7641
qkv,9,140,6515
qkv,9,142,5821
qkv,9,144,5140
qkv,9,146,4563
qkv,9,148,3907
qkv,9,150,3561
qkv,9,152,2904
qkv,9,154,2604
qkv,9,156,2222
qkv,9,158,1973
qkv,9,160,1748
qkv,9,162,1447
qkv,9,164,1248
qkv,9,166,1012
qkv,9,168,902
qkv,9,170,771
qkv,9,172,684
qkv,9,174,535
qkv,9,176,466
qkv,9,178,391
qkv,9,180,345
qkv,9,182,294
qkv,9,184,234
qkv,9,186,210
qkv,9,188,174
qkv,9,190,125
qkv,9,192,116
qkv,9,194,95
qkv,9,196,90
qkv,9,198,58
qkv,9,200,55
qkv,9,202,46
qkv,9,204,28
qkv,9,206,26
qkv,9,208,33
qkv,9,210,20
qkv,9,212,16
qkv,9,214,20
qkv,9,216,9
qkv,9,218,13
qkv,9,220,2
qkv,9,222,3
qkv,9,224,1
qkv,9,226,3
qkv,9,228,4
qkv,9,230,6
qkv,9,234,1
qkv,9,242,1
qkv,9,252,1
qkv,10,-278,4
qkv,10,-276,3
qkv,10,-274,1
qkv,10,-272,2
qkv,10,-270,2
qkv,10,-268,4
qkv,10,-266,5
qkv,10,-264,2
qkv,10,-262,3
qkv,10,-260,5
qkv,10,-258,6
qkv,10,-256,3
qkv,10,-254,9
qkv,10,-252,11
qkv,10,-250,10
qkv,10,-248,19
qkv,10,-246,13
qkv,10,-244,23
qkv,10,-242,19
qkv,10,-240,22
qkv,10,-238,32
qkv,10,-236,24
qkv,10,-234,25
qkv,10,-232,33
qkv,10,-230,46
qkv,10,-228,50
qkv,10,-226,57
qkv,10,-224,65
qkv,10,-222,90
qkv,10,-220,84
qkv,10,-218,84
qkv,10,-216,108
qkv,10,-214,108
qkv,10,-212,139
qkv,10,-210,134
qkv,10,-208,146
qkv,10,-206,177
qkv,10,-204,215
qkv,10,-202,211
qkv,10,-200,281
qkv,10,-198,305
qkv,10,-196,344
qkv,10,-194,381
qkv,10,-192,449
qkv,10,-190,491
qkv,10,-188,546
qkv,10,-186,583
qkv,10,-184,689
qkv,10,-182,784
qkv,10,-180,893
qkv,10,-178,1088
qkv,10,-176,1185
qkv,10,-174,1377
qkv,10,-172,1547
qkv,10,-170,1792
qkv,10,-168,1941
qkv,10,-166,2251
qkv,10,-164,2579
qkv,10,-162,3043
qkv,10,-160,3423
qkv,10,-158,3846
qkv,10,-156,4382
qkv,10,-154,5108
qkv,10,-152,5708
qkv,10,-150,6408
qkv,10,-148,7340
qkv,10,-146,8351
qkv,10,-144,9344
qkv,10,-142,10579
qkv,10,-140,11877
qkv,10,-138,13281
qkv,10,-136,14993
qkv,10,-134,17023
qkv,10,-132,18775
qkv,10,-130,20815
qkv,10,-128,23545
qkv,10,-126,25962
qkv,10,-124,28666
qkv,10,-122,31619
qkv,10,-120,35538
qkv,10,-118,39223
qkv,10,-116,43172
qkv,10,-114,46892
qkv,10,-112,51500
qkv,10,-110,56540
qkv,10,-108,61756
qkv,10,-106,66769
qkv,10,-104,73068
qkv,10,-102,78816
qkv,10,-100,86180
qkv,10,-98,93156
qkv,10,-96,99555
qkv,10,-94,108475
qkv,10,-92,116378
qkv,10,-90,125055
qkv,10,-88,133492
qkv,10,-86,143460
qkv,10,-84,152227
qkv,10,-82,162683
qkv,10,-80,173715
qkv,10,-78,183160
qkv,10,-76,194599
qkv,10,-74,207002
qkv,10,-72,219013
qkv,10,-70,230980
qkv,10,-68,243890
qkv,10,-66,255934
qkv,10,-64,269937
qkv,10,-62,283216
qkv,10,-60,296154
qkv,10,-58,309536
qkv,10,-56,322696
qkv,10,-54,337172
qkv,10,-52,350927
qkv,10,-50,365020
qkv,10,-48,378887
qkv,10,-46,390997
qkv,10,-44,407132
qkv,10,-42,419764
qkv,10,-40,433297
qkv,10,-38,447040
qkv,10,-36,458562
qkv,10,-34,470895
qkv,10,-32,483490
qkv,10,-30,495669
qkv,10,-28,505766
qkv,10,-26,516429
qkv,10,-24,526345
qkv,10,-22,536174
qkv,10,-20,545448
qkv,10,-18,551815
qkv,10,-16,560557
qkv,10,-14,567892
qkv,10,-12,572398
qkv,10,-10,577957
qkv,10,-8,581647
qkv,10,-6,584988
qkv,10,-4,587608
qkv,10,-2,590185
qkv,10,0,589714
qkv,10,2,588944
qkv,10,4,588359
qkv,10,6,587108
qkv,10,8,585912
qkv,10,10,580234
qkv,10,12,575987
qkv,10,14,569957
qkv,10,16,565010
qkv,10,18,558724
qkv,10,20,550293
qkv,10,22,541702
qkv,10,24,531391
qkv,10,26,524050
qkv,10,28,512117
qkv,10,30,502357
qkv,10,32,489860
qkv,10,34,478431
qkv,10,36,465773
qkv,10,38,452454
qkv,10,40,440793
qkv,10,42,425831
qkv,10,44,412320
qkv,10,46,398757
qkv,10,48,384794
qkv,10,50,371564
qkv,10,52,357312
qkv,10,54,343229
qkv,10,56,327758
qkv,10,58,313421
qkv,10,60,300914
qkv,10,62,286323
qkv,10,64,273265
qkv,10,66,258943
qkv,10,68,246997
qkv,10,70,233029
qkv,10,72,220933
qkv,10,74,209251
qkv,10,76,196748
qkv,10,78,185282
qkv,10,80,173979
qkv,10,82,163695
qkv,10,84,152855
qkv,10,86,143132
qkv,10,88,133672
qkv,10,90,124292
qkv,10,92,115661
qkv,10,94,107579
qkv,10,96,99421
qkv,10,98,91562
qkv,10,100,84763
qkv,10,102,78240
qkv,10,104,72176
qkv,10,106,66051
qkv,10,108,60341
qkv,10,110,55105
qkv,10,112,50450
qkv,10,114,46099
qkv,10,116,41567
qkv,10,118,37984
qkv,10,120,34268
qkv,10,122,31131
qkv,10,124,27995
qkv,10,126,25280
qkv,10,128,22619
qkv,10,130,20205
qkv,10,132,18038
qkv,10,134,16333
qkv,10,136,14452
qkv,10,138,12889
qkv,10,140,11408
qkv,10,142,10208
qkv,10,144,9033
qkv,10,146,7941
qkv,10,148,7001
qkv,10,150,6240
qkv,10,152,5399
qkv,10,154,4802
qkv,10,156,4222
qkv,10,158,3709
qkv,10,160,3240
qkv,10,162,2831
qkv,10,164,2604
qkv,10,166,2170
qkv,10,168,1839
qkv,10,170,1711
qkv,10,172,1571
qkv,10,174,1375
qkv,10,176,1154
qkv,10,178,1052
qkv,10,180,913
qkv,10,182,831
qkv,10,184,728
qkv,10,186,651
qkv,10,188,558
qkv,10,190,490
qkv,10,192,409
qkv,10,194,393
qkv,10,196,378
qkv,10,198,309
qkv,10,200,262
qkv,10,202,249
qkv,10,204,265
qkv,10,206,155
qkv,10,208,170
qkv,10,210,181
qkv,10,212,149
qkv,10,214,124
qkv,10,216,128
qkv,10,218,105
qkv,10,220,93
qkv,10,222,100
qkv,10,224,74
qkv,10,226,85
qkv,10,228,58
qkv,10,230,53
qkv,10,232,32
qkv,10,234,37
qkv,10,236,21
qkv,10,238,30
qkv,10,240,18
qkv,10,242,13
qkv,10,244,19
qkv,10,246,12
qkv,10,248,9
qkv,10,250,12
qkv,10,252,4
qkv,10,254,5
qkv,10,256,1
qkv,10,258,2
qkv,10,260,4
qkv,10,262,1
qkv,10,266,1
qkv,10,268,2
qkv,10,294,1
qkv,11,-306,1
qkv,11,-300,1
qkv,11,-298,1
qkv,11,-296,3
qkv,11,-294,1
qkv,11,-292,3
qkv,11,-290,4
qkv,11,-288,5
qkv,11,-286,11
qkv,11,-284,2
qkv,11,-282,4
qkv,11,-280,2
qkv,11,-278,7
qkv,11,-276,12
qkv,11,-274,17
qkv,11,-272,6
qkv,11,-270,16
qkv,11,-268,15
qkv,11,-266,15
qkv,11,-264,18
qkv,11,-262,27
qkv,11,-260,22
qkv,11,-258,33
qkv,11,-256,35
qkv,11,-254,28
qkv,11,-252,44
qkv,11,-250,56
qkv,11,-248,50
qkv,11,-246,64
qkv,11,-244,53
qkv,11,-242,75
qkv,11,-240,76
qkv,11,-238,96
qkv,11,-236,90
qkv,11,-234,104
qkv,11,-232,108
qkv,11,-230,140
qkv,11,-228,172
qkv,11,-226,180
qkv,11,-224,194
qkv,11,-222,208
qkv,11,-220,280
qkv,11,-218,264
qkv,11,-216,344
qkv,11,-214,386
qkv,11,-212,426
qkv,11,-210,451
qkv,11,-208,526
qkv,11,-206,628
qkv,11,-204,709
qkv,11,-202,830
qkv,11,-200,955
qkv,11,-198,1063
qkv,11,-196,1153
qkv,11,-194,1323
qkv,11,-192,1479
qkv,11,-190,1666
qkv,11,-188,1801
qkv,11,-186,2059
qkv,11,-184,2277
qkv,11,-182,2596
qkv,11,-180,2955
qkv,11,-178,3296
qkv,11,-176,3618
qkv,11,-174,4082
qkv,11,-172,4806
qkv,11,-170,5197
qkv,11,-168,5721
qkv,11,-166,6653
qkv,11,-164,7430
qkv,11,-162,8313
qkv,11,-160,9388
qkv,11,-158,10417
qkv,11,-156,11700
qkv,11,-154,13235
qkv,11,-152,14681
qkv,11,-150,16245
qkv,11,-148,18069
qkv,11,-146,20148
qkv,11,-144,22605
qkv,11,-142,24978
qkv,11,-140,27314
qkv,11,-138,30478
qkv,11,-136,33768
qkv,11,-134,37157
qkv,11,-132,40596
qkv,11,-130,44789
qkv,11,-128,48911
qkv,11,-126,54120
qkv,11,-124,58554
qkv,11,-122,63563
qkv,11,-120,69374
qkv,11,-118,74453
qkv,11,-116,80940
qkv,11,-114,87086
qkv,11,-112,93336
qkv,11,-110,101172
qkv,11,-108,107802
qkv,11,-106,116317
qkv,11,-104,122677
qkv,11,-102,131503
qkv,11,-100,139474
qkv,11,-98,148053
qkv,11,-96,157483
qkv,11,-94,166431
qkv,11,-92,175096
qkv,11,-90,184334
qkv,11,-88,194437
qkv,11,-86,204241
qkv,11,-84,213885
qkv,11,-82,223252
qkv,11,-80,233758
qkv,11,-78,243045
qkv,11,-76,252444
qkv,11,-74,262039
qkv,11,-72,272167
qkv,11,-70,281347
qkv,11,-68,290071
qkv,11,-66,300418
qkv,11,-64,309902
qkv,11,-62,317624
qkv,11,-60,326311
qkv,11,-58,335394
qkv,11,-56,342590
qkv,11,-54,350646
qkv,11,-52,358422
qkv,11,-50,365506
qkv,11,-48,372966
qkv,11,-46,379914
qkv,11,-44,386160
qkv,11,-42,392532
qkv,11,-40,398429
qkv,11,-38,402202
qkv,11,-36,408921
qkv,11,-34,412914
qkv,11,-32,416676
qkv,11,-30,420563
qkv,11,-28,424987
qkv,11,-26,428539
qkv,11,-24,431021
qkv,11,-22,434923
qkv,11,-20,437488
qkv,11,-18,440340
qkv,11,-16,441836
qkv,11,-14,443973
qkv,11,-12,446605
qkv,11,-10,447849
qkv,11,-8,448108
qkv,11,-6,449213
qkv,11,-4,450121
qkv,11,-2,450555
qkv,11,0,451221
qkv,11,2,451512
qkv,11,4,451376
qkv,11,6,451639
qkv,11,8,451266
qkv,11,10,450328
qkv,11,12,449868
qkv,11,14,448274
qkv,11,16,447662
qkv,11,18,444752
qkv,11,20,442627
qkv,11,22,439855
qkv,11,24,438737
qkv,11,26,434810
qkv,11,28,430703
qkv,11,30,428982
qkv,11,32,424603
qkv,11,34,420610
qkv,11,36,415480
qkv,11,38,409628
qkv,11,40,405288
qkv,11,42,398542
qkv,11,44,393727
qkv,11,46,386749
qkv,11,48,381459
qkv,11,50,374109
qkv,11,52,365600
qkv,11,54,356591
qkv,11,56,349858
qkv,11,58,340512
qkv,11,60,332282
qkv,11,62,323474
qkv,11,64,314030
qkv,11,66,305443
qkv,11,68,294920
qkv,11,70,285857
qkv,11,72,275591
qkv,11,74,266603
qkv,11,76,255647
qkv,11,78,245841
qkv,11,80,236027
qkv,11,82,225671
qkv,11,84,216619
qkv,11,86,206994
qkv,11,88,196916
qkv,11,90,187286
qkv,11,92,177657
qkv,11,94,169173
qkv,11,96,159805
qkv,11,98,151358
qkv,11,100,143587
qkv,11,102,134642
qkv,11,104,126822
qkv,11,106,118896
qkv,11,108,111535
qkv,11,110,103930
qkv,11,112,97150
qkv,11,114,90929
qkv,11,116,84379
qkv,11,118,78089
qkv,11,120,71911
qkv,11,122,67141
qkv,11,124,61860
qkv,11,126,57123
qkv,11,128,52931
qkv,11,130,48253
qkv,11,132,44495
qkv,11,134,40623
qkv,11,136,37259
qkv,11,138,34165
qkv,11,140,30863
qkv,11,142,27772
qkv,11,144,25412
qkv,11,146,23390
qkv,11,148,20702
qkv,11,150,18729
qkv,11,152,17167
qkv,11,154,15380
qkv,11,156,13708
qkv,11,158,12335
qkv,11,160,11000
qkv,11,162,9900
qkv,11,164,8685
qkv,11,166,7859
qkv,11,168,7090
qkv,11,170,6271
qkv,11,172,5518
qkv,11,174,4883
qkv,11,176,4433
qkv,11,178,3784
qkv,11,180,3330
qkv,11,182,2982
qkv,11,184,2559
qkv,11,186,2243
qkv,11,188,2023
qkv,11,190,1851
qkv,11,192,1500
qkv,11,194,1390
qkv,11,196,1236
qkv,11,198,1026
qkv,11,200,930
qkv,11,202,815
qkv,11,204,795
qkv,11,206,663
qkv,11,208,579
qkv,11,210,546
qkv,11,212,442
qkv,11,214,408
qkv,11,216,359
qkv,11,218,336
qkv,11,220,283
qkv,11,222,276
qkv,11,224,263
qkv,11,226,194
qkv,11,228,190
qkv,11,230,186
qkv,11,232,152
qkv,11,234,128
qkv,11,236,123
qkv,11,238,116
qkv,11,240,96
qkv,11,242,104
qkv,11,244,75
qkv,11,246,66
qkv,11,248,47
qkv,11,250,50
qkv,11,252,32
qkv,11,254,47
qkv,11,256,29
qkv,11,258,49
qkv,11,260,21
qkv,11,262,39
qkv,11,264,29
qkv,11,266,20
qkv,11,268,14
qkv,11,270,11
qkv,11,272,9
qkv,11,274,8
qkv,11,276,11
qkv,11,278,6
qkv,11,280,3
qkv,11,282,3
qkv,11,284,4
qkv,11,286,2
qkv,11,288,2
qkv,11,292,4
qkv,11,294,1
qkv,-1,-318,126
qkv,-1,-314,126
qkv,-1,-312,126
qkv,-1,-306,1
qkv,-1,-300,125
qkv,-1,-298,3
qkv,-1,-296,504
qkv,-1,-294,200
qkv,-1,-292,259
qkv,-1,-290,764
qkv,-1,-288,476
qkv,-1,-286,628
qkv,-1,-284,495
qkv,-1,-282,142
qkv,-1,-280,593
qkv,-1,-278,495
qkv,-1,-276,967
qkv,-1,-274,873
qkv,-1,-272,834
qkv,-1,-270,1331
qkv,-1,-268,813
qkv,-1,-266,1547
qkv,-1,-264,1684
qkv,-1,-262,1450
qkv,-1,-260,2372
qkv,-1,-258,1414
qkv,-1,-256,2340
qkv,-1,-254,2190
qkv,-1,-252,1932
qkv,-1,-250,2512
qkv,-1,-248,2310
qkv,-1,-246,2909
qkv,-1,-244,2365
qkv,-1,-242,2231
qkv,-1,-240,3687
qkv,-1,-238,3447
qkv,-1,-236,3812
qkv,-1,-234,3855
qkv,-1,-232,4486
qkv,-1,-230,3661
qkv,-1,-228,4822
qkv,-1,-226,4789
qkv,-1,-224,4942
qkv,-1,-222,5426
qkv,-1,-220,6417
qkv,-1,-218,6660
qkv,-1,-216,7074
qkv,-1,-214,6305
qkv,-1,-212,6530
qkv,-1,-210,7965
qkv,-1,-208,8389
qkv,-1,-206,9173
qkv,-1,-204,9884
qkv,-1,-202,9427
qkv,-1,-200,12356
qkv,-1,-198,11651
qkv,-1,-196,11640
qkv,-1,-194,13056
qkv,-1,-192,15944
qkv,-1,-190,16159
qkv,-1,-188,18950
qkv,-1,-186,19373
qkv,-1,-184,20356
qkv,-1,-182,23505
qkv,-1,-180,24389
qkv,-1,-178,29015
qkv,-1,-176,29918
qkv,-1,-174,36045
qkv,-1,-172,36868
qkv,-1,-170,42763
qkv,-1,-168,46979
qkv,-1,-166,49884
qkv,-1,-164,57545
qkv,-1,-162,64122
qkv,-1,-160,72611
qkv,-1,-158,77443
qkv,-1,-156,85709
qkv,-1,-154,93820
qkv,-1,-152,105146
qkv,-1,-150,112227
qkv,-1,-148,126163
qkv,-1,-146,136595
qkv,-1,-144,150418
qkv,-1,-142,161060
qkv,-1,-140,177449
qkv,-1,-138,196007
qkv,-1,-136,216926
qkv,-1,-134,234556
qkv,-1,-132,251595
qkv,-1,-130,270726
qkv,-1,-128,295779
qkv,-1,-126,320240
qkv,-1,-124,352851
qkv,-1,-122,384026
qkv,-1,-120,413798
qkv,-1,-118,451869
qkv,-1,-116,489797
qkv,-1,-114,524664
qkv,-1,-112,566123
qkv,-1,-110,615140
qkv,-1,-108,664218
qkv,-1,-106,714650
qkv,-1,-104,774065
qkv,-1,-102,834514
qkv,-1,-100,897123
qkv,-1,-98,966350
qkv,-1,-96,1041517
qkv,-1,-94,1121288
qkv,-1,-92,1202009
qkv,-1,-90,1283502
qkv,-1,-88,1371222
qkv,-1,-86,1470360
qkv,-1,-84,1569847
qkv,-1,-82,1679500
qkv,-1,-80,1783160
qkv,-1,-78,1903219
qkv,-1,-76,2020291
qkv,-1,-74,2145550
qkv,-1,-72,2275111
qkv,-1,-70,2421609
qkv,-1,-68,2553303
qkv,-1,-66,2708611
qkv,-1,-64,2862482
qkv,-1,-62,3020634
qkv,-1,-60,3172635
qkv,-1,-58,3356508
qkv,-1,-56,3515346
qkv,-1,-54,3686626
qkv,-1,-52,3869806
qkv,-1,-50,4064639
qkv,-1,-48,4240731
qkv,-1,-46,4445759
qkv,-1,-44,4632818
qkv,-1,-42,4836923
qkv,-1,-40,5035539
qkv,-1,-38,5233092
qkv,-1,-36,5446942
qkv,-1,-34,5645785
qkv,-1,-32,5853984
qkv,-1,-30,6039609
qkv,-1,-28,6242110
qkv,-1,-26,6443132
qkv,-1,-24,6620836
qkv,-1,-22,6797420
qkv,-1,-20,6990377
qkv,-1,-18,7152952
qkv,-1,-16,7298896
qkv,-1,-14,7432116
qkv,-1,-12,7556619
qkv,-1,-10,7675617
qkv,-1,-8,7749783
qkv,-1,-6,7829773
qkv,-1,-4,7885793
qkv,-1,-2,7897902
qkv,-1,0,7929308
qkv,-1,2,7928008
qkv,-1,4,7891811
qkv,-1,6,7852200
qkv,-1,8,7792309
qkv,-1,10,7700526
qkv,-1,12,7590550
qkv,-1,14,7482878
qkv,-1,16,7352201
qkv,-1,18,7196507
qkv,-1,20,7036516
qkv,-1,22,6866676
qkv,-1,24,6687094
qkv,-1,26,6499480
qkv,-1,28,6311021
qkv,-1,30,6125103
qkv,-1,32,5936861
qkv,-1,34,5736003
qkv,-1,36,5529324
qkv,-1,38,5324266
qkv,-1,40,5120025
qkv,-1,42,4923679
qkv,-1,44,4716572
qkv,-1,46,4525021
qkv,-1,48,4337095
qkv,-1,50,4146954
qkv,-1,52,3944470
qkv,-1,54,3782562
qkv,-1,56,3588888
qkv,-1,58,3409128
qkv,-1,60,3242523
qkv,-1,62,3085788
qkv,-1,64,2921612
qkv,-1,66,2751647
qkv,-1,68,2613939
qkv,-1,70,2474137
qkv,-1,72,2322206
qkv,-1,74,2191537
qkv,-1,76,2055519
qkv,-1,78,1932462
qkv,-1,80,1808828
qkv,-1,82,1696969
qkv,-1,84,1590430
qkv,-1,86,1476041
qkv,-1,88,1376681
qkv,-1,90,1285508
qkv,-1,92,1197672
qkv,-1,94,1116750
qkv,-1,96,1035691
qkv,-1,98,960694
qkv,-1,100,892896
qkv,-1,102,825403
qkv,-1,104,765679
qkv,-1,106,704716
qkv,-1,108,652855
qkv,-1,110,603333
qkv,-1,112,557141
qkv,-1,114,512986
qkv,-1,116,475220
qkv,-1,118,437349
qkv,-1,120,394735
qkv,-1,122,367899
qkv,-1,124,335037
qkv,-1,126,306762
qkv,-1,128,283606
qkv,-1,130,260869
qkv,-1,132,237696
qkv,-1,134,218700
qkv,-1,136,201774
qkv,-1,138,185447
qkv,-1,140,164588
qkv,-1,142,151651
qkv,-1,144,139745
qkv,-1,146,126740
qkv,-1,148,115804
qkv,-1,150,106041
qkv,-1,152,94809
qkv,-1,154,86000
qkv,-1,156,76392
qkv,-1,158,74323
qkv,-1,160,64855
qkv,-1,162,60033
qkv,-1,164,52827
qkv,-1,166,46062
qkv,-1,168,42605
qkv,-1,170,39600
qkv,-1,172,34652
qkv,-1,174,32768
qkv,-1,176,28541
qkv,-1,178,26806
qkv,-1,180,23102
qkv,-1,182,21971
qkv,-1,184,18158
qkv,-1,186,16797
qkv,-1,188,14911
qkv,-1,190,13395
qkv,-1,192,11719
qkv,-1,194,10863
qkv,-1,196,9368
qkv,-1,198,8899
qkv,-1,200,7625
qkv,-1,202,7024
qkv,-1,204,6558
qkv,-1,206,5181
qkv,-1,208,4605
qkv,-1,210,5159
qkv,-1,212,5291
qkv,-1,214,3181
qkv,-1,216,3696
qkv,-1,218,4068
qkv,-1,220,4000
qkv,-1,222,2495
qkv,-1,224,2199
qkv,-1,226,2432
qkv,-1,228,2900
qkv,-1,230,2830
qkv,-1,232,1631
qkv,-1,234,1917
qkv,-1,236,1310
qkv,-1,238,1584
qkv,-1,240,2234
qkv,-1,242,1345
qkv,-1,244,1182
qkv,-1,246,1394
qkv,-1,248,1156
qkv,-1,250,1238
qkv,-1,252,665
qkv,-1,254,900
qkv,-1,256,965
qkv,-1,258,949
qkv,-1,260,911
qkv,-1,262,587
qkv,-1,264,670
qkv,-1,266,175
qkv,-1,268,417
qkv,-1,270,367
qkv,-1,272,960
qkv,-1,274,461
qkv,-1,276,273
qkv,-1,278,376
qkv,-1,280,315
qkv,-1,282,367
qkv,-1,284,115
qkv,-1,286,220
qkv,-1,288,132
qkv,-1,290,141
qkv,-1,292,98
qkv,-1,294,146
qkv,-1,296,21
qkv,-1,300,127
qkv,-1,302,124
qkv,-1,304,125
qkv,-1,306,2
qkv,-1,308,95
qkv,-1,310,126
qkv,-1,318,250
qkv,-1,322,124
qkv,-1,324,124
qkv,-1,326,124
